'fenfen820',
'fa258258',
'ubet58a',
'woshizongdai12',
'maintenance',
'salesnewuser',
'sjhr2016',
'ltjs13',
'op1zongdai',
'yyyc88',
'shb841227',
'bbjh888',
'fafa2018',
'chengguoqiang',
'opvipagent',
'q504093',
'caohoudea',
'erpenga',
'sd4572334',
'xkuang1',
'qin666666',
'macan8888',
'demoted',
'zxmjoy',
'870178857',
'pinger666',
'yamsing508',
'yao8888',
'referral',
'youbovip2018',
'tvb008',
'tjw2019',
'lvger888',
'xy840424',
'guan336699',
'pczhouzijie',
'yns2025',
'lnsysjw881129',
'john777',
'mju789789',
'1362154',
'agentsheila',
'agentcyrilw',
'mktblue',
'zl5014',
'3756789',
'zytx001',
'tvb001',
'leishuai',
'lelele12345',
'xujing880209',
'hqh902',
'cd19891204',
'leishuai7',
'abc6688',
'zxl821101',
'y18912678456',
'c617926413',
'hoii99',
'ycf770369',
'aluguofu',
'gck888',
'024dabiaoge',
'2667239',
'zhupackage77',
'xu554660',
'hkkevin057',
'df315767',
'jiutun137',
'dbxws0',
'zaiyiwang',
'kuaizhuan88',
'litao8888888',
'fa66fa66',
'dongfeng123',
'iphone006',
'z632524447',
'yp9052',
'baiawyygya',
'hrbtemp',
'haoyun88',
'13654087646',
'a7754123',
'adidas666',
'vip9566',
'jianguo0101',
'atm21319',
'alfredcjn8',
'jb74110',
'fendou333',
'fafafa98',
'tom8888888',
'lenon1121',
'suyan3376',
'ct2014008',
'7000010000',
'a16032276',
'biaoge8888',
'zzz137',
'ddcsx88',
'vipming189',
'baobaojiayou',
'lf055134',
'cfd902',
'xinxin598',
'jj3591',
'nieqiwen102',
'717176039',
'59188888',
'msyoumao777',
'mod888',
'upzzks',
'fenghonglong66',
'joho594',
'vipuufa8',
'529385133xb',
'siyu1234',
'lelife2014',
'ai417828062',
'zhenghe888',
'wazk123',
'0513888',
'zhw1989',
'huainianyb2',
'cheerms',
'lzd88253168',
'13070126348',
'he692678097',
'chenjunfen',
'ww121903930',
'zaq6868',
'15536901815',
'king520',
'yinwenming',
'jj1612',
'hwc0303',
'404988492',
'iphone016',
'2351323113',
'caisou',
'salesdianxiao2',
'vip208',
'yong357',
'h2x072',
'lovepig8',
'kldjrh',
'winmoney8',
'ljq880803',
'p965689',
'1471014270',
'mala118',
'729825406',
'112373114',
'salescasino16',
'dahai588',
'hps888',
'qwe900123',
'dayingjiav',
'aaawei123',
'jiaologguzi',
'laoxu802388',
'kaiqin66',
'heartgood1',
'fhy19760818',
'lishilang20157',
'vip168',
'shijie710',
'maintenance3',
'ssctk422',
'jjyyxx888',
'maintenance2',
'a396192088',
'fa88fa',
'bmw55566',
'yyy19880806',
'salesdianxiao1',
'jiayin123',
'hjok6714',
'feiyangtiexue',
'nanzhujue8',
'wufen666',
'a13709810740',
'cwb199',
'wsk9999',
'hahakkkk',
'yzb1160',
'wl88889',
'956638626',
'bbs0086',
'picc66',
'lalala',
'hkeran015',
'zxc123456',
'tianyisheng88',
'xuena1',
'hkmavis013',
'lala2012',
'jiutun138',
'xdzy1807',
'yuefei168',
'baobaohanhan',
'xiaojie598',
'dailizhilu',
'gminy888',
'ljr137',
'nqy8888',
'jie169',
'anping886',
'tanxiao66',
'769058139',
'anqing01',
'sam2016',
'chayu2016',
'dafa20180806',
'dashu999888',
'lebo8888zc',
'yu348199218',
'zhiyin118',
'zcw520520',
'w3496110',
'hao911',
'vip888',
'samson1319',
'zzzly8799879',
'3324158909qq',
'jbs394827796',
'2233456',
'zhou1004',
'b369518',
'zuijiu2278',
'vikic888',
'zhaokuaiyi',
'h323196189',
'qmmz2000',
'666888vip',
'honglang',
'18883412',
'jkx91888',
'cblovety',
'zg198636',
'ub8online10',
'yueshen88',
'172706347',
'slc888999',
'benben88',
'lfq666',
'ybptqdqqqg',
'ptzd006',
'wxbssc',
'15523940125',
'yuxin123012',
'iphone030',
'jjz123',
'capslock0505',
'liuren123',
'dxg999777',
'woxinpiaoyao',
'njfgszl888',
'fangfa588',
'qq77618235',
'xx1188',
'tao888',
'you07bo',
'ljj14141313',
'duzong168',
'djkey8',
'wen16888',
'hl120747',
'zjfc0868',
'hanzhiwei1989',
'qw1765',
'nong857',
'124748693',
'zijinxiang888',
'x867325272',
'hkwilliam009',
'ht558326',
'guanli1',
'guanli2',
'agentalan',
'ilikeli2',
'hongtashan',
'jimodeye',
'vipkk6',
'sparetime528',
'112909455',
'taiyang8',
'maxhellen10009',
'wyj19765',
'like58',
'fredsycsycsyc',
'dashou118',
'yuanwei',
'iphone009',
'dvd993',
'qq137370402',
'jnpe999',
'zr8888',
'lg6657',
'xiaoe0626hh',
'xu201487',
'yuanshoux',
'haohao722',
'fjp1001',
'8090chaoshi',
'aa545721255',
'gf2018',
'zd9288',
'a10352089311',
'mxy51888',
'fly107',
'lc78945',
'qq501504',
'er222222',
'yy2000u',
'jhxhlp188',
'ssc201288',
'a764442003',
'kuanglong1985',
'zhihui002',
'11250770a',
'yxl6666',
'junwugu',
'qq569655378',
'lishaohua518',
'yr9998',
'sn1177sn',
'youngh918',
'gxy0928',
'web7333',
'780897703',
'bjchl777',
'pkw880011',
'zl601607',
'ylf2016',
'zxcvbnm888999',
'qq14652786',
'piuxiu998998',
'haihai2132',
'lovewu110',
'iphone038',
'rrmmbb888',
'95588q',
'fs201212',
'vip69888',
'mingjing',
'airpower',
'bnm413413',
'weifeng88',
'jyzylk2017',
'xxl1230',
'544936639lc',
'huazi2013',
'vip0821',
'ub89527',
'my2656',
'qq843197405',
'xj6138',
'lzy500',
'5628357778',
'aa33919',
'kzc8888',
'lgj191002',
'shenmakeji333',
'yh1800',
'jcg196',
'ibe518',
'yanyixia8003',
'manage',
'pingfan999',
'abc0633qq',
'xiaokeai7777',
'g33077',
'wyd771220',
'519516vip',
'aichaochao',
'jp2018948',
'fendou918',
'lijianchao111',
'qq531558511',
'ygpzyn',
'bazhu888',
'haoyu1556250',
'ahy1818',
'lyly518',
'520anqi',
'zt1092001',
'agentklaus',
'374594021',
'woaiwode888',
'abc03570',
'an19921227',
'cwf588',
'onlylgg',
'mars1008',
'fawule',
'michaelziyu',
'l345883331',
'wxs4181460',
'rngjueshiqicai',
'showtimea',
'ws1999',
'tss8276',
'mj81550310',
'kg5858',
'ryw158',
'zhuan1234',
'aaa888888a',
'4094912600',
'dlpeng09',
'huaweip8',
'nn1212',
'vipming179',
'huaye5588',
'zzzzttkk',
'bnlswjmm',
'areschenub8',
'fei19801118',
'abcdxg',
'love168',
'aixin999',
'jinzhuanzamen9',
'qingdiao888',
'nn2012124',
'aaa000',
'lynnfan',
'liyehong',
'fafa00100',
'asong333',
'btv807',
'lele51888',
'dd8888',
'caishen88',
'linzhouqin',
'94a16911',
'zy889900',
'bskiy520',
'maozao1314',
'air1st',
'vip523228',
'asa888',
'testrc00001',
'farioguo',
'345179000',
'ailaolieren1',
'ub8zongdai',
'tx99998',
'pp558899',
'wwk8888',
'zxj008',
'youbo2018',
'wbhh123',
'chenxia85',
'gcl789',
'earnestlu',
'vip88t',
'jiaozi828',
'vsinyo007',
'xindongfang88',
'zhuxi666',
'yk68666',
'zjj54088',
'dangxia7',
'shifa89',
'337936364',
'aiai123159',
'ordagent',
'930725',
'xiqiyangyang',
'13075277006',
'guanli3',
'yongzhewudi168',
'hfly888',
'yu468889910',
'wy182329378',
'sb9527',
'xiaojielun',
'pink123',
'youyou191',
'sky8888',
'ly16666',
'scn1985',
'5031068',
'66198006',
'312100863',
'rhy13838887280',
'fa66fa',
'lily1118',
'tianyouxiuya',
'hl554609593',
'vip66699',
'we7758521',
'qw1900',
'zhang812',
'a6717974',
'xulixuli2022',
'831112',
'wangyi2',
'smzhyylc2',
's982377',
'ren0517',
'fengyun1818',
'304760380',
'baoma2014',
'xiying',
'tf1061356514',
'957857482',
'njzy372188',
'hh9318',
'lnsh503',
'sws66sws',
'zgx15903591464',
'uu88803',
'bbcqss',
'dayu88',
'm13166606300',
'huazaigaoshou',
'liuyiyang520',
'wladz888',
'zhang85418097',
'dhz18001567161',
'9h1888',
'75364925',
'14652786',
'lspak99',
'gj1588',
'vjx626',
'fengwen588',
'pengstar',
'haofacai8866',
'likun6666',
'zkjssc',
'm868qr',
'yuanfen5858',
'nice18',
'xiaosi321',
'dftf88888888',
'5296046',
'yyfn123',
'admin999',
'ppming',
'wack8888',
'haogexiong',
'hujunfeng',
'zx88877777',
'7651352',
'a492368578',
'liwuhong',
'ypk888',
'svip2015',
'pc5678',
'1836102533',
'65310171',
'chenpei1688',
'jiayou1314',
'cailianping732',
'fcl2016ygf',
'468910',
'zsh520zl',
'ysy9988',
'157621874',
'wac7785825',
'xujiale080614',
'ljm19801227',
'wbl222',
'a15144564555a',
'123456',
'testpcs700527',
'939407833',
'maintenance1',
'youboub8',
'bs88888',
'euu169',
'mktteamb',
'youbovip',
'zy5608',
'xindeyitian',
'fenghuang2018',
'zzjj8585',
'uu888002',
'youbo2278',
'forever',
'wfs3567890',
'jchpy1988a',
'15148595',
'349484352',
'pr20009',
'boyang6868',
'web733',
'yl201888',
'376189502',
'azenghui',
'cctv0088',
'15961638340a',
'lj2019',
'q626328',
'hkman041',
'wahahahaha',
'wantong666',
'zzzfff888666',
'18274476818',
'lys12377',
'aboss888',
'ycvip001',
'zhaoanru777',
'zgm222',
'agenttiger2',
'bdmhuiliu',
'qyf888qyf',
'hkkam018',
'zqdl123',
'faa7777',
'1203192837',
'w183261',
'183475396',
'hjl1215225',
'13863611023',
'nannanlove',
'wzf2020',
'ttzz67',
'lgh333',
'qazzxc888',
'lixiaobo123456',
'13893656365',
'zhk629',
'410338518',
'ai34258',
'yunqi2016',
'vip88896',
'lz1122',
'lucky555',
'762670984vip',
'dy003366',
'abc1345678',
'sparetime',
'swa1688',
'lqf88888888',
'zxc933',
'xczwsy',
'htxhtx2021',
'lxy2010',
'qinxianyu',
'118228',
'mh100wrmb',
'qzz123',
'ma566865508',
'qn116866',
'1305130773',
'q747969538',
'winners',
'linhai100',
'hui888',
'xuanzhang',
'fh00035',
'lovechina009',
'langwang8888',
'wang19860531',
'xxdd666',
'zhao55555',
'achoslyinu',
'vipppp',
'shaoxin2012618',
'0245791368',
'ttt5656',
'asdzxc417',
'sa168168',
'512005',
'vipagent',
'707287228a',
'dh581314',
'vip130218',
'ub8svip1',
'boss567',
'long58',
'xxg1314',
'mktfaker',
'zoop588',
'ubet58',
'agenttiger',
'1371019096',
'haitao84',
'295763781',
'longdach998',
'swqdhd',
'jjkkxx888',
'xiaolong1219',
'dabiaoge721',
'zzzz8886',
'lone199028',
'iphone007',
'hjlcrtd',
'666tyt',
'iphone005',
'jazzsita',
'feng0007',
'coffeebaba',
'dajiefu1991',
'hongmi',
'2827354891',
'qqq276821824',
'ruyi520',
'656269630',
'1696180270',
'yy158158',
'20140416',
'668789425',
'tony8888',
'qqwwer123',
'huangmao',
'xiner1990',
'hkmicah055',
'ningkai55855',
'anjing2345',
'feier123',
'phoneix818',
'fh918admin',
'surface188',
'wuyouke5158',
'sky3003',
'sunday1568',
'364911371vip',
'1609788724',
'1718637571',
'qwy861115',
'985314939',
'as2868538',
'yf666666',
'wo8899',
'yuanhe5328',
'lftlyzy',
'pravon',
'kangvsd',
'jiangwei',
'yb1934',
'vip123',
'lmj19970106',
'bbff31',
'ckk56789',
'guozy18',
'a378748817',
'hailey000',
'13819560377',
'wj37136',
'cdl050834',
'haidao888',
'15217409502',
'1994fx',
'yc7777',
'sscylc',
'w342425111',
'xy4636858',
'ub8barry888',
'398465761',
'flyfly1100',
'9821liu',
'yns2023',
'qige0315',
'njfgyts139',
'zhangyanwei00',
'18819143946',
'329179363',
'gaoli777',
'gdplgx5588',
'515735034',
'djkey88',
'1258557411',
'lxcz13',
'lzq88wj',
'youbo1688',
'caoyuanlang',
'jl233177',
'miao168',
'lianyouqing888',
'laojiwc200',
'lj8877',
'zhuliu306',
'j770326',
'shiqiqi2013',
'xiaoyi529',
'fuxian888',
'zj20080823',
'awe158',
'wjbcyf2014',
'621558',
'spo583',
'vicky899',
'yezi88a',
'0635888',
'bixufa958',
'fufu1121',
'she575',
'yxgagz88888',
'niu8866',
'fredsycsyc',
'hj981104',
'ske733',
'inspiron',
'smy9898',
'iphone039',
'qlqhhyl888',
'erpengb',
'mktteama',
'lj201888',
'629979778',
'wssw54000',
'nszdsa',
'cscs007',
'lggj888',
'ping8624',
'zhenxi215911',
'skytb5',
'lihai588',
'wudi5668',
'wan9635',
'yyqmzx',
'132128',
'facaia5',
'yunfu169',
'ubet98',
'budexian',
'jingwei245',
'1511161580',
'cyx9300',
'dvd008',
'booboopoo',
'testped100201',
'l18790829109',
'13089444429',
'sc1038814699',
'yao6288',
'vipming178',
'end666888',
'wudisuiyue888',
'iphone047',
'iamaman008009',
'crb168',
'maozhitong321',
'shunqiziran678',
'13166606300',
'cz8888889',
'ayy009',
'tz121218',
'meng239',
'slj123456789',
'1347553942',
'mktkevin',
'es5678',
'baobaojiayou18',
'dongbeidahan',
'wangyushuo2012',
'fgbayy',
'hebei666',
'zouyucai',
'abey2019',
'lz19950919',
'lsw1213',
'ls1579',
'lu686867',
'changxu777',
'liuliu12230',
'ztx518618',
'zyc1988',
'ryj6444',
'16885666',
'fan222999',
'youguoer007',
'ggc16888',
'boss109',
'lkjhgfdsa995',
'gengyuanchun88',
'ruyan5188',
'mvp4416',
'13376711477',
'nuojin888',
'ning1314',
'lovexuanmy113',
'zy2022',
'xiaonan456',
'sqb2020',
'w258985641',
'ma13141',
'huiying2016',
'395263926',
'jiemadashi2014',
'a123456123456',
'txtptxtp',
'wxx88866',
'qw656293648',
'lh25858',
'xiaofeizxc1',
'zhouqiang19930',
'245766246',
'xiaogu321',
'416589226',
'edc899',
'lan1993',
'hbr745492077',
'lhj766',
'haoyu1826',
'wskynk',
'kaixin5555',
'xwy157',
'1035334336aa',
'miehuoqi2015',
'cycycy',
'gdd8888',
'haoyunlai1314',
'wy761718',
'huitang8888',
'awe518888',
'jiangshuyue12',
'1003592474',
'wofile4',
'ericsson',
'shenshen',
'zhc1313',
'feiye666888',
'wshjzhb55',
'ywd543',
'laofu6688',
'wujincai888',
'aaa4956',
'bibimao123',
'xxsg123',
'zdd158',
'yejinhe123',
'luck18',
'bai558899',
'hehuan616',
'liyitong',
'hcl55819051',
'959008585',
'4298fafa',
'fafa518518',
'mm258mm',
'y18518335679',
'zengxiaorong',
'kary2015',
'tj51888',
'wrfcos723',
's19890818',
'jingjing119',
'jili000',
'fa2222',
'bolong222',
'2436488',
'888ggg',
'chong139',
'jiaolaoban777',
'sscbnb',
'a936745999',
'0014200',
'zhanghe123',
'liuxianpu',
'aa88889',
'crazy1521',
'821361635',
'application188',
'cyf253158',
'935688',
'quan616263',
'jhq222',
'brent009',
'zhk000009',
'418640060',
'lin18896628690',
'baochengliang',
'jwx888',
'yjb4710',
'peter2014',
'yongliu88',
'zhengxiaolie',
'ssc0802',
'zhao990810',
'lsz1986',
'zhjzyp',
'18911542',
'qqcp500w',
'896869274',
'baihongyun2008',
'13373956168',
'wufan666666',
'shitou988',
'hs0821727',
'yan8989',
'ww8885',
'qq18833417595',
'vrking',
'lotte888',
'jun12341',
'hq123123',
'akduye',
'njzy372186',
'xuchunlin8',
'fuwangxing',
'erpengg',
'dcg8233',
'lifeng188',
'fangge630907',
'1558128861',
